INSERT INTO cd.user(user_nm, phone_number_no, hashed_password_series) VALUES
('John Smith', '123-456-7890', 'hjgfdklsfjg'),
('Jane Doe', '555-555-5555', 'kjhgfdsd'),
('Bob Johnson', '999-999-9999', 'hjklpoiuyt'),
('Sara Lee', '111-222-3333', 'qwertyuiop'),
('Tom Jones', '444-444-4444', 'asdfghjkl'),
('Mary Smith', '777-777-7777', 'zxcvbnm'),
('Harry Potter', '555-123-4567', 'poiuytrewq'),
('Hermione Granger', '555-987-6543', 'lkjhgfdsa'),
('Ron Weasley', '555-111-2222', 'mnbvcxz'),
('Ginny Weasley', '555-333-4444', 'ytrewq'),
('Fred Weasley', '555-555-7777', 'asdfgh'),
('George Weasley', '555-666-8888', 'zxcvbn'),
('Albus Dumbledore', '555-777-9999', 'poiuyt'),
('Severus Snape', '555-888-1111', 'lkjhgf'),
('Minerva McGonagall', '555-222-3333', 'mnbvcx'),
('Rubeus Hagrid', '555-444-5555', 'ytrewqpoi'),
('Neville Longbottom', '555-666-7777', 'asdfghjkl'),
('Luna Lovegood', '555-888-9999', 'zxcvbnm'),
('Draco Malfoy', '555-111-2222', 'poiuytre'),
('Cho Chang', '555-333-4444', 'lkjhgfdsa');

INSERT INTO cd.user_version (user_id,user_nm, phone_number_no, hashed_password_series, change_dttm) VALUES 
(1,'John Smith', '123-456-7890','hjsgfjgfdkl','2019-09-05 04:00:00'),
(2,'Jane Doe', '555-555-5555','jfshkdgd','2018-10-12 19:00:00'),
(3,'Bob Johnson', '999-999-9999','ipykjhlotu','2018-02-15 03:00:00'),
(4,'Sara Lee', '111-222-3333','oiyqeptwru','2018-05-10 23:00:00'),
(5,'Tom Jones', '444-444-4444','ksghdfjla','2021-10-08 13:00:00'),
(6,'Mary Smith', '777-777-7777','ncvbxzm','2019-12-16 14:00:00'),
(7,'Harry Potter', '555-123-4567','ypeuqortiw','2021-02-26 06:00:00'),
(8,'Hermione Granger', '555-987-6543','akglhsdfj','2020-10-11 07:00:00'),
(9,'Ron Weasley', '555-111-2222','zmvxcnb','2020-10-25 00:00:00'),
(10,'Ginny Weasley', '555-333-4444','retywq','2019-12-10 07:00:00'),
(11,'Fred Weasley', '555-555-7777','ahfdsg','2019-04-08 02:00:00'),
(12,'George Weasley', '555-666-8888','cxbnvz','2019-09-06 18:00:00'),
(13,'Albus Dumbledore', '555-777-9999','toyipu','2018-09-08 06:00:00'),
(14,'Severus Snape', '555-888-1111','kjflgh','2022-01-28 07:00:00'),
(15,'Minerva McGonagall', '555-222-3333','bcxvnm','2019-12-09 11:00:00'),
(16,'Rubeus Hagrid', '555-444-5555','itoewqyrp','2020-01-19 13:00:00'),
(17,'Neville Longbottom', '555-666-7777','lhjfagsdk','2019-08-02 06:00:00'),
(18,'Luna Lovegood', '555-888-9999','zcxvmbn','2018-01-27 11:00:00'),
(19,'Draco Malfoy', '555-111-2222','rueoiypt','2018-01-27 13:00:00'),
(20,'Cho Chang', '555-333-4444','lsajkghfd','2021-11-04 12:00:00');


INSERT INTO cd.event (event_nm, event_dttm, event_call_dttm, period, status) VALUES 
('Birthday','2023-02-28 20:00:00','2023-02-25 20:00:00','1 year',-1),
('Test','2023-01-19 10:00:00','2023-01-16 10:00:00','1 year',-1),
('Birthday','2023-07-10 22:00:00','2023-07-07 22:00:00','1 year',-1),
('Graduation','2023-07-25 13:00:00','2023-07-22 13:00:00','1 year',1),
('Parade','2023-01-14 13:00:00','2023-01-11 13:00:00','1 year',1),
('Parade','2023-02-18 13:00:00','2023-02-15 13:00:00','1 year',0),
('Performance','2023-04-20 04:00:00','2023-04-17 04:00:00','1 year',-1),
('Exhibition','2023-06-09 02:00:00','2023-06-06 02:00:00','1 year',0),
('Exhibition','2023-03-17 12:00:00','2023-03-14 12:00:00','1 year',-1),
('Test','2023-12-21 01:00:00','2023-12-18 01:00:00','1 year',1),
('Parade','2023-07-23 08:00:00','2023-07-20 08:00:00','1 year',-1),
('Fair','2023-07-10 01:00:00','2023-07-07 01:00:00','1 year',-1),
('Graduation','2023-10-13 05:00:00','2023-10-10 05:00:00','1 year',-1),
('Festival','2023-10-11 23:00:00','2023-10-08 23:00:00','1 year',1),
('Fair','2023-12-11 23:00:00','2023-12-08 23:00:00','1 year',1),
('Graduation','2023-07-09 04:00:00','2023-07-06 04:00:00','1 year',0),
('Engagement Party','2023-01-21 23:00:00','2023-01-18 23:00:00','1 year',-1),
('Fair','2023-04-14 08:00:00','2023-04-11 08:00:00','1 year',0),
('Exhibition','2023-08-21 08:00:00','2023-08-18 08:00:00','1 year',0),
('Fair','2023-12-20 05:00:00','2023-12-17 05:00:00','1 year',-1);

INSERT INTO cd.event_status(event_id,new_status, change_dttm) VALUES
(1,-1,'2022-10-24 06:00:00'),
(2,-1,'2022-11-15 05:00:00'),
(3,-1,'2022-02-21 16:00:00'),
(6,0,'2022-05-05 06:00:00'),
(7,-1,'2022-06-14 20:00:00'),
(8,0,'2022-01-24 00:00:00'),
(9,-1,'2022-06-11 16:00:00'),
(11,-1,'2022-05-13 11:00:00'),
(12,-1,'2022-05-04 02:00:00'),
(13,-1,'2022-03-17 08:00:00'),
(16,0,'2022-10-21 12:00:00'),
(17,-1,'2022-01-27 09:00:00'),
(18,0,'2022-09-16 20:00:00'),
(19,0,'2022-05-10 14:00:00'),
(20,-1,'2022-10-06 11:00:00');

INSERT INTO cd.group(group_nm,admin) VALUES
('Family', 1),
('Family2', 3),
('Family3', 5),
('Family4', 7),
('Family5', 9),
('Friends', 11),
('Friends2', 13),
('Friends3', 15),
('Friends4', 17),
('Friends5', 19);

INSERT INTO cd.group_user(group_id,user_id) VALUES
(1, 1),
(2, 3),
(3, 5),
(4, 7),
(5, 9),
(6, 11),
(7, 13),
(8, 15),
(9, 17),
(10, 19),
(1, 2),
(2, 4),
(3, 6),
(4, 8),
(5, 10),
(6, 12),
(7, 14),
(8, 16),
(9, 18),
(10, 20);

INSERT INTO cd.group_event(group_id,event_id) VALUES
(1, 1),
(2, 3),
(3, 5),
(4, 7),
(5, 9),
(6, 11),
(7, 13),
(8, 15),
(9, 17),
(10, 19),
(1, 2),
(2, 4),
(3, 6),
(4, 8),
(5, 10),
(6, 12),
(7, 14),
(8, 16),
(9, 18),
(10, 20);

INSERT INTO cd.group_event(group_id,event_id) VALUES
(1, 1),
(2, 3),
(3, 5),
(4, 7),
(5, 9),
(6, 11),
(7, 13),
(8, 15),
(9, 17),
(10, 19),
(1, 2),
(2, 4),
(3, 6),
(4, 8),
(5, 10),
(6, 12),
(7, 14),
(8, 16),
(9, 18),
(10, 20);

INSERT INTO cd.user_event(user_id,event_id) VALUES
(1, 1),
(2, 1),
(3, 3),
(4, 3),
(5, 5),
(6, 5),
(7, 7),
(8, 7),
(9, 9),
(10, 9),
(11, 11),
(12, 11),
(13, 13),
(14, 13),
(15, 15),
(16, 15),
(17, 17),
(18, 17),
(19, 19),
(20, 19),
(1, 2),
(2, 2),
(3, 4),
(4, 4),
(5, 6),
(6, 6),
(7, 8),
(8, 8),
(9, 10),
(10, 10),
(11, 12),
(12, 12),
(13, 14),
(14, 14),
(15, 16),
(16, 16),
(17, 18),
(18, 18),
(19, 20),
(20, 20);

